-- MySQL dump 10.13  Distrib 8.0.25, for Linux (x86_64)
--
-- Host: localhost    Database: weibo
-- ------------------------------------------------------
-- Server version	8.0.25-0ubuntu0.20.04.1

/*!40101 SET @OLD_CHARACTER_SET_CLIENT=@@CHARACTER_SET_CLIENT */;
/*!40101 SET @OLD_CHARACTER_SET_RESULTS=@@CHARACTER_SET_RESULTS */;
/*!40101 SET @OLD_COLLATION_CONNECTION=@@COLLATION_CONNECTION */;
/*!50503 SET NAMES utf8mb4 */;
/*!40103 SET @OLD_TIME_ZONE=@@TIME_ZONE */;
/*!40103 SET TIME_ZONE='+00:00' */;
/*!40014 SET @OLD_UNIQUE_CHECKS=@@UNIQUE_CHECKS, UNIQUE_CHECKS=0 */;
/*!40014 SET @OLD_FOREIGN_KEY_CHECKS=@@FOREIGN_KEY_CHECKS, FOREIGN_KEY_CHECKS=0 */;
/*!40101 SET @OLD_SQL_MODE=@@SQL_MODE, SQL_MODE='NO_AUTO_VALUE_ON_ZERO' */;
/*!40111 SET @OLD_SQL_NOTES=@@SQL_NOTES, SQL_NOTES=0 */;

--
-- Table structure for table `alembic_version`
--

DROP TABLE IF EXISTS `alembic_version`;
/*!40101 SET @saved_cs_client     = @@character_set_client */;
/*!50503 SET character_set_client = utf8mb4 */;
CREATE TABLE `alembic_version` (
  `version_num` varchar(32) NOT NULL,
  PRIMARY KEY (`version_num`)
) ENGINE=InnoDB DEFAULT CHARSET=utf8mb4 COLLATE=utf8mb4_0900_ai_ci;
/*!40101 SET character_set_client = @saved_cs_client */;

--
-- Dumping data for table `alembic_version`
--

LOCK TABLES `alembic_version` WRITE;
/*!40000 ALTER TABLE `alembic_version` DISABLE KEYS */;
INSERT INTO `alembic_version` VALUES ('fc6cc545091e');
/*!40000 ALTER TABLE `alembic_version` ENABLE KEYS */;
UNLOCK TABLES;

--
-- Table structure for table `comment`
--

DROP TABLE IF EXISTS `comment`;
/*!40101 SET @saved_cs_client     = @@character_set_client */;
/*!50503 SET character_set_client = utf8mb4 */;
CREATE TABLE `comment` (
  `id` varchar(32) NOT NULL,
  `feed_id` varchar(32) DEFAULT NULL,
  `user_avatar` varchar(1024) DEFAULT NULL,
  `user_name` varchar(256) DEFAULT NULL,
  `content` text,
  `image` varchar(1024) DEFAULT NULL,
  `publish_time` varchar(256) DEFAULT NULL,
  `like_count` int DEFAULT NULL,
  `reply_name` varchar(256) DEFAULT NULL,
  `reply_content` text,
  `reply_time` varchar(256) DEFAULT NULL,
  `reply_like` int DEFAULT NULL,
  `reply_count` int DEFAULT NULL,
  PRIMARY KEY (`id`),
  KEY `feed_id` (`feed_id`),
  CONSTRAINT `comment_ibfk_1` FOREIGN KEY (`feed_id`) REFERENCES `feed` (`mid`)
) ENGINE=InnoDB DEFAULT CHARSET=utf8mb4 COLLATE=utf8mb4_0900_ai_ci;
/*!40101 SET character_set_client = @saved_cs_client */;

--
-- Dumping data for table `comment`
--

LOCK TABLES `comment` WRITE;
/*!40000 ALTER TABLE `comment` DISABLE KEYS */;
INSERT INTO `comment` VALUES ('1009','81598',NULL,NULL,'comment 2 of feed 81598',NULL,'2021-06-04 21:34:43.452501',559,NULL,NULL,NULL,335,993),('1020','15170',NULL,NULL,'comment 0 of feed 15170',NULL,'2021-06-04 21:34:13.067276',371,NULL,NULL,NULL,936,665),('1060','41546',NULL,NULL,'comment 1 of feed 41546',NULL,'2021-06-04 21:34:13.047934',209,NULL,NULL,NULL,296,583),('1391','14059',NULL,NULL,'comment 2 of feed 14059',NULL,'2021-06-04 21:34:43.430954',987,NULL,NULL,NULL,542,757),('2225','14059',NULL,NULL,'comment 0 of feed 14059',NULL,'2021-06-04 21:34:43.426704',320,NULL,NULL,NULL,928,363),('2318','34718',NULL,NULL,'comment 2 of feed 34718',NULL,'2021-06-04 21:34:43.443167',587,NULL,NULL,NULL,214,643),('2350','82369',NULL,NULL,'comment 2 of feed 82369',NULL,'2021-06-04 21:34:13.016036',914,NULL,NULL,NULL,863,570),('2477','89259',NULL,NULL,'comment 1 of feed 89259',NULL,'2021-06-04 21:34:43.411937',216,NULL,NULL,NULL,799,485),('2489','15170',NULL,NULL,'comment 2 of feed 15170',NULL,'2021-06-04 21:34:13.071979',827,NULL,NULL,NULL,173,128),('2505','34896',NULL,NULL,'comment 2 of feed 34896',NULL,'2021-06-04 21:34:43.399029',949,NULL,NULL,NULL,234,230),('2749','41546',NULL,NULL,'comment 0 of feed 41546',NULL,'2021-06-04 21:34:13.045795',595,NULL,NULL,NULL,901,914),('3459','30795',NULL,NULL,'comment 0 of feed 30795',NULL,'2021-06-04 21:34:13.056273',737,NULL,NULL,NULL,136,373),('3475','26540',NULL,NULL,'comment 0 of feed 26540',NULL,'2021-06-04 21:34:43.417444',484,NULL,NULL,NULL,334,894),('3632','89259',NULL,NULL,'comment 2 of feed 89259',NULL,'2021-06-04 21:34:43.413430',492,NULL,NULL,NULL,323,732),('3825','41546',NULL,NULL,'comment 2 of feed 41546',NULL,'2021-06-04 21:34:13.050123',512,NULL,NULL,NULL,904,969),('3878','82369',NULL,NULL,'comment 1 of feed 82369',NULL,'2021-06-04 21:34:13.012447',567,NULL,NULL,NULL,255,718),('4093','85255',NULL,NULL,'comment 2 of feed 85255',NULL,'2021-06-04 21:34:13.105284',580,NULL,NULL,NULL,260,619),('4213','63420',NULL,NULL,'comment 0 of feed 63420',NULL,'2021-06-04 21:34:43.375614',924,NULL,NULL,NULL,363,407),('4570','92845',NULL,NULL,'comment 2 of feed 92845',NULL,'2021-06-04 21:34:43.371262',377,NULL,NULL,NULL,695,560),('4594','85255',NULL,NULL,'comment 0 of feed 85255',NULL,'2021-06-04 21:34:13.101748',795,NULL,NULL,NULL,138,149),('4643','68959',NULL,NULL,'comment 1 of feed 68959',NULL,'2021-06-04 21:34:13.024255',989,NULL,NULL,NULL,813,875),('4715','97316',NULL,NULL,'comment 1 of feed 97316',NULL,'2021-06-04 21:34:43.457868',424,NULL,NULL,NULL,580,881),('4888','81598',NULL,NULL,'comment 0 of feed 81598',NULL,'2021-06-04 21:34:43.448783',655,NULL,NULL,NULL,852,894),('4967','92845',NULL,NULL,'comment 0 of feed 92845',NULL,'2021-06-04 21:34:43.365350',703,NULL,NULL,NULL,578,440),('4973','26540',NULL,NULL,'comment 2 of feed 26540',NULL,'2021-06-04 21:34:43.421494',240,NULL,NULL,NULL,376,797),('5009','12211',NULL,NULL,'comment 0 of feed 12211',NULL,'2021-06-04 21:34:13.031536',385,NULL,NULL,NULL,214,596),('5088','15170',NULL,NULL,'comment 1 of feed 15170',NULL,'2021-06-04 21:34:13.069706',762,NULL,NULL,NULL,773,132),('6098','12211',NULL,NULL,'comment 2 of feed 12211',NULL,'2021-06-04 21:34:13.036901',401,NULL,NULL,NULL,528,299),('6281','34718',NULL,NULL,'comment 0 of feed 34718',NULL,'2021-06-04 21:34:43.438116',495,NULL,NULL,NULL,943,779),('6654','21199',NULL,NULL,'comment 1 of feed 21199',NULL,'2021-06-04 21:34:13.084212',377,NULL,NULL,NULL,826,702),('6710','81598',NULL,NULL,'comment 1 of feed 81598',NULL,'2021-06-04 21:34:43.451031',227,NULL,NULL,NULL,310,275),('6805','30795',NULL,NULL,'comment 2 of feed 30795',NULL,'2021-06-04 21:34:13.061415',165,NULL,NULL,NULL,850,897),('6807','12155',NULL,NULL,'comment 1 of feed 12155',NULL,'2021-06-04 21:34:13.095369',128,NULL,NULL,NULL,264,246),('6843','14059',NULL,NULL,'comment 1 of feed 14059',NULL,'2021-06-04 21:34:43.428646',521,NULL,NULL,NULL,944,600),('7035','89259',NULL,NULL,'comment 0 of feed 89259',NULL,'2021-06-04 21:34:43.409172',827,NULL,NULL,NULL,437,657),('7185','63420',NULL,NULL,'comment 1 of feed 63420',NULL,'2021-06-04 21:34:43.382357',887,NULL,NULL,NULL,135,784),('7289','97316',NULL,NULL,'comment 2 of feed 97316',NULL,'2021-06-04 21:34:43.460048',740,NULL,NULL,NULL,897,760),('7439','21199',NULL,NULL,'comment 2 of feed 21199',NULL,'2021-06-04 21:34:13.087523',128,NULL,NULL,NULL,954,660),('7457','30795',NULL,NULL,'comment 1 of feed 30795',NULL,'2021-06-04 21:34:13.058914',149,NULL,NULL,NULL,668,360),('7539','92845',NULL,NULL,'comment 1 of feed 92845',NULL,'2021-06-04 21:34:43.369480',739,NULL,NULL,NULL,590,649),('7705','12211',NULL,NULL,'comment 1 of feed 12211',NULL,'2021-06-04 21:34:13.034499',780,NULL,NULL,NULL,775,454),('7771','68959',NULL,NULL,'comment 0 of feed 68959',NULL,'2021-06-04 21:34:13.021205',265,NULL,NULL,NULL,383,688),('7944','85255',NULL,NULL,'comment 1 of feed 85255',NULL,'2021-06-04 21:34:13.103703',840,NULL,NULL,NULL,895,920),('8134','68959',NULL,NULL,'comment 2 of feed 68959',NULL,'2021-06-04 21:34:13.026849',983,NULL,NULL,NULL,191,262),('8345','34896',NULL,NULL,'comment 1 of feed 34896',NULL,'2021-06-04 21:34:43.396795',897,NULL,NULL,NULL,622,380),('8622','63420',NULL,NULL,'comment 2 of feed 63420',NULL,'2021-06-04 21:34:43.387875',311,NULL,NULL,NULL,730,854),('8806','82369',NULL,NULL,'comment 0 of feed 82369',NULL,'2021-06-04 21:34:13.007849',289,NULL,NULL,NULL,347,330),('9071','12155',NULL,NULL,'comment 2 of feed 12155',NULL,'2021-06-04 21:34:13.097986',253,NULL,NULL,NULL,415,938),('9206','34718',NULL,NULL,'comment 1 of feed 34718',NULL,'2021-06-04 21:34:43.440026',797,NULL,NULL,NULL,179,677),('9373','34896',NULL,NULL,'comment 0 of feed 34896',NULL,'2021-06-04 21:34:43.394976',153,NULL,NULL,NULL,474,301),('9629','26540',NULL,NULL,'comment 1 of feed 26540',NULL,'2021-06-04 21:34:43.418966',215,NULL,NULL,NULL,923,203),('9693','97316',NULL,NULL,'comment 0 of feed 97316',NULL,'2021-06-04 21:34:43.456127',294,NULL,NULL,NULL,489,790),('9862','21199',NULL,NULL,'comment 0 of feed 21199',NULL,'2021-06-04 21:34:13.081345',223,NULL,NULL,NULL,278,576),('9953','12155',NULL,NULL,'comment 0 of feed 12155',NULL,'2021-06-04 21:34:13.092990',250,NULL,NULL,NULL,848,875);
/*!40000 ALTER TABLE `comment` ENABLE KEYS */;
UNLOCK TABLES;

--
-- Table structure for table `feed`
--

DROP TABLE IF EXISTS `feed`;
/*!40101 SET @saved_cs_client     = @@character_set_client */;
/*!50503 SET character_set_client = utf8mb4 */;
CREATE TABLE `feed` (
  `mid` varchar(32) NOT NULL,
  `topic_id` int DEFAULT NULL,
  `content` text,
  `user_avatar` varchar(1024) DEFAULT NULL,
  `user_name` varchar(256) DEFAULT NULL,
  `publish_time` varchar(256) DEFAULT NULL,
  `forward_count` int DEFAULT NULL,
  `comment_count` int DEFAULT NULL,
  `like_count` int DEFAULT NULL,
  `image_list` json DEFAULT NULL,
  `vedio_list` json DEFAULT NULL,
  PRIMARY KEY (`mid`),
  KEY `topic_id` (`topic_id`),
  CONSTRAINT `feed_ibfk_1` FOREIGN KEY (`topic_id`) REFERENCES `topic` (`id`)
) ENGINE=InnoDB DEFAULT CHARSET=utf8mb4 COLLATE=utf8mb4_0900_ai_ci;
/*!40101 SET character_set_client = @saved_cs_client */;

--
-- Dumping data for table `feed`
--

LOCK TABLES `feed` WRITE;
/*!40000 ALTER TABLE `feed` DISABLE KEYS */;
INSERT INTO `feed` VALUES ('12155',3,'feed 98619 for topic 2',NULL,NULL,'2021-06-04 21:34:13.089990',694,600,794,NULL,NULL),('12211',1,'feed 74367 for topic 0',NULL,NULL,'2021-06-04 21:34:13.029241',886,768,990,NULL,NULL),('14059',2,'feed 90419 for topic 1',NULL,NULL,'2021-06-04 21:34:43.424119',403,229,794,NULL,NULL),('15170',2,'feed 23353 for topic 1',NULL,NULL,'2021-06-04 21:34:13.064205',713,842,887,NULL,NULL),('21199',3,'feed 84623 for topic 2',NULL,NULL,'2021-06-04 21:34:13.077282',268,591,995,NULL,NULL),('26540',2,'feed 63111 for topic 1',NULL,NULL,'2021-06-04 21:34:43.414952',712,316,697,NULL,NULL),('30795',2,'feed 64742 for topic 1',NULL,NULL,'2021-06-04 21:34:13.052635',923,101,568,NULL,NULL),('34718',3,'feed 47085 for topic 2',NULL,NULL,'2021-06-04 21:34:43.435222',643,818,834,NULL,NULL),('34896',1,'feed 24144 for topic 0',NULL,NULL,'2021-06-04 21:34:43.391113',571,611,578,NULL,NULL),('41546',2,'feed 86083 for topic 1',NULL,NULL,'2021-06-04 21:34:13.042541',543,839,503,NULL,NULL),('63420',1,'feed 69847 for topic 0',NULL,NULL,'2021-06-04 21:34:43.372772',126,391,551,NULL,NULL),('68959',1,'feed 15278 for topic 0',NULL,NULL,'2021-06-04 21:34:13.018763',472,659,688,NULL,NULL),('81598',3,'feed 48481 for topic 2',NULL,NULL,'2021-06-04 21:34:43.446932',694,841,179,NULL,NULL),('82369',1,'feed 46324 for topic 0',NULL,NULL,'2021-06-04 21:34:13.003639',564,384,666,NULL,NULL),('85255',3,'feed 13803 for topic 2',NULL,NULL,'2021-06-04 21:34:13.099962',203,687,539,NULL,NULL),('89259',2,'feed 50806 for topic 1',NULL,NULL,'2021-06-04 21:34:43.405421',238,667,792,NULL,NULL),('92845',1,'feed 31722 for topic 0',NULL,NULL,'2021-06-04 21:34:43.362478',831,418,156,NULL,NULL),('97316',3,'feed 99540 for topic 2',NULL,NULL,'2021-06-04 21:34:43.454710',654,188,611,NULL,NULL);
/*!40000 ALTER TABLE `feed` ENABLE KEYS */;
UNLOCK TABLES;

--
-- Table structure for table `topic`
--

DROP TABLE IF EXISTS `topic`;
/*!40101 SET @saved_cs_client     = @@character_set_client */;
/*!50503 SET character_set_client = utf8mb4 */;
CREATE TABLE `topic` (
  `id` int NOT NULL AUTO_INCREMENT,
  `name` varchar(256) DEFAULT NULL,
  `hot` int DEFAULT NULL,
  PRIMARY KEY (`id`),
  UNIQUE KEY `name` (`name`)
) ENGINE=InnoDB AUTO_INCREMENT=4 DEFAULT CHARSET=utf8mb4 COLLATE=utf8mb4_0900_ai_ci;
/*!40101 SET character_set_client = @saved_cs_client */;

--
-- Dumping data for table `topic`
--

LOCK TABLES `topic` WRITE;
/*!40000 ALTER TABLE `topic` DISABLE KEYS */;
INSERT INTO `topic` VALUES (1,'topic 1',2),(2,'topic 2',2),(3,'topic 3',2);
/*!40000 ALTER TABLE `topic` ENABLE KEYS */;
UNLOCK TABLES;
/*!40103 SET TIME_ZONE=@OLD_TIME_ZONE */;

/*!40101 SET SQL_MODE=@OLD_SQL_MODE */;
/*!40014 SET FOREIGN_KEY_CHECKS=@OLD_FOREIGN_KEY_CHECKS */;
/*!40014 SET UNIQUE_CHECKS=@OLD_UNIQUE_CHECKS */;
/*!40101 SET CHARACTER_SET_CLIENT=@OLD_CHARACTER_SET_CLIENT */;
/*!40101 SET CHARACTER_SET_RESULTS=@OLD_CHARACTER_SET_RESULTS */;
/*!40101 SET COLLATION_CONNECTION=@OLD_COLLATION_CONNECTION */;
/*!40111 SET SQL_NOTES=@OLD_SQL_NOTES */;

-- Dump completed on 2021-06-04 21:35:53
